,Aroma,Appearance,Flavor,Mouthfeel,Overall
0,0.19971509971510149,0.27300435413641916,0.22595817878836807,0.20720851475569885,0.25461512998752345
1,0.444779241102496,0.5241392152215875,0.48179496149838424,0.4551833293834847,0.5151344522392075
2,0.6619351744628043,0.8057295504789865,0.7067644547379298,0.7111274871039197,0.7371440761077345
